scrape time,time,latitude,longitude,name,source,state,address
"2022 Mar 28, 21:10:50",2021-10-07T13:57:00+0000,51.05128,3.68637,Schaap (nieuwe tracker),gps,ON_THE_MOVE,"Jenny Montignypad, 9000, Ghent, Belgium"
"2022 Mar 28, 21:11:20",2021-10-07T13:57:00+0000,51.05128,3.68637,Schaap (nieuwe tracker),gps,ON_THE_MOVE,"Jenny Montignypad, 9000, Ghent, Belgium"
"2022 Mar 28, 21:22:05",2021-10-07T13:57:00+0000,51.05128,3.68637,Schaap (nieuwe tracker),gps,ON_THE_MOVE,"Jenny Montignypad, 9000, Ghent, Belgium"
"2022 Mar 28, 21:23:04",2021-10-07T13:57:00+0000,51.05128,3.68637,Schaap (nieuwe tracker),gps,ON_THE_MOVE,"Jenny Montignypad, 9000, Ghent, Belgium"
"2022 Mar 28, 21:27:06",2021-10-07T13:57:00+0000,51.05128,3.68637,Schaap (nieuwe tracker),gps,ON_THE_MOVE,"Jenny Montignypad, 9000, Ghent, Belgium"
"2022 Mar 28, 21:27:07",2021-10-07T13:57:00+0000,51.05128,3.68637,Schaap (nieuwe tracker),gps,ON_THE_MOVE,"Jenny Montignypad, 9000, Ghent, Belgium"
"2022 Mar 28, 22:50:25",2021-10-07T13:57:00+0000,51.05128,3.68637,Schaap (nieuwe tracker),gps,ON_THE_MOVE,"Jenny Montignypad, 9000, Ghent, Belgium"
"2022 Mar 29, 10:15:21",2021-10-07T13:57:00+0000,51.05128,3.68637,Schaap (nieuwe tracker),gps,ON_THE_MOVE,"Jenny Montignypad, 9000, Ghent, Belgium"
"2022 Mar 29, 10:15:25",2021-10-07T13:57:00+0000,51.05128,3.68637,Schaap (nieuwe tracker),gps,ON_THE_MOVE,"Jenny Montignypad, 9000, Ghent, Belgium"
"2022 Mar 29, 20:25:10",2021-10-07T13:57:00+0000,51.05128,3.68637,Schaap (nieuwe tracker),gps,ON_THE_MOVE,"Jenny Montignypad, 9000, Ghent, Belgium"
"2022 Mar 29, 20:50:30",2021-10-07T13:57:00+0000,51.05128,3.68637,Schaap (nieuwe tracker),gps,ON_THE_MOVE,"Jenny Montignypad, 9000, Ghent, Belgium"
"2022 Mar 30, 21:49:38",2021-10-07T13:57:00+0000,51.05128,3.68637,Schaap (nieuwe tracker),gps,ON_THE_MOVE,"Jenny Montignypad, 9000, Ghent, Belgium"
"2022 Mar 30, 21:52:28",2021-10-07T13:57:00+0000,51.05128,3.68637,Schaap (nieuwe tracker),gps,ON_THE_MOVE,"Jenny Montignypad, 9000, Ghent, Belgium"
"2022 Mar 31, 20:39:39",2021-10-07T13:57:00+0000,51.05128,3.68637,Schaap (nieuwe tracker),gps,ON_THE_MOVE,"Jenny Montignypad, 9000, Ghent, Belgium"
"2022 Mar 31, 20:42:35",2021-10-07T13:57:00+0000,51.05128,3.68637,Schaap (nieuwe tracker),gps,ON_THE_MOVE,"Jenny Montignypad, 9000, Ghent, Belgium"
"2022 Mar 31, 20:55:02",2021-10-07T13:57:00+0000,51.05128,3.68637,Schaap (nieuwe tracker),gps,ON_THE_MOVE,"Jenny Montignypad, 9000, Ghent, Belgium"
"2022 Mar 31, 22:13:00",2021-10-07T13:57:00+0000,51.05128,3.68637,Schaap (nieuwe tracker),gps,ON_THE_MOVE,"Jenny Montignypad, 9000, Ghent, Belgium"
"2022 Apr 01, 17:54:21",2021-10-07T13:57:00+0000,51.05128,3.68637,Schaap (nieuwe tracker),gps,ON_THE_MOVE,"Jenny Montignypad, 9000, Ghent, Belgium"
"2022 Apr 01, 17:57:16",2021-10-07T13:57:00+0000,51.05128,3.68637,Schaap (nieuwe tracker),gps,ON_THE_MOVE,"Jenny Montignypad, 9000, Ghent, Belgium"
"2022 Apr 03, 19:03:18",2021-10-07T13:57:00+0000,51.05128,3.68637,Schaap (nieuwe tracker),gps,ON_THE_MOVE,"Jenny Montignypad, 9000, Ghent, Belgium"
"2022 Apr 03, 19:06:16",2021-10-07T13:57:00+0000,51.05128,3.68637,Schaap (nieuwe tracker),gps,ON_THE_MOVE,"Jenny Montignypad, 9000, Ghent, Belgium"
"2022 Apr 03, 20:50:28",2021-10-07T13:57:00+0000,51.05128,3.68637,Schaap (nieuwe tracker),gps,ON_THE_MOVE,"Jenny Montignypad, 9000, Ghent, Belgium"
"2022 Apr 03, 20:57:17",2021-10-07T13:57:00+0000,51.05128,3.68637,Schaap (nieuwe tracker),gps,ON_THE_MOVE,"Jenny Montignypad, 9000, Ghent, Belgium"
"2022 Apr 03, 21:52:27",2021-10-07T13:57:00+0000,51.05128,3.68637,Schaap (nieuwe tracker),gps,ON_THE_MOVE,"Jenny Montignypad, 9000, Ghent, Belgium"
"2022 Apr 03, 22:06:12",2021-10-07T13:57:00+0000,51.05128,3.68637,Schaap (nieuwe tracker),gps,ON_THE_MOVE,"Jenny Montignypad, 9000, Ghent, Belgium"
"2022 Apr 03, 23:42:34",2021-10-07T13:57:00+0000,51.05128,3.68637,Schaap (nieuwe tracker),gps,ON_THE_MOVE,"Jenny Montignypad, 9000, Ghent, Belgium"
"2022 Apr 03, 23:57:20",2021-10-07T13:57:00+0000,51.05128,3.68637,Schaap (nieuwe tracker),gps,ON_THE_MOVE,"Jenny Montignypad, 9000, Ghent, Belgium"
"2022 Apr 04, 17:34:27",2021-10-07T13:57:00+0000,51.05128,3.68637,Schaap (nieuwe tracker),gps,ON_THE_MOVE,"Jenny Montignypad, 9000, Ghent, Belgium"
"2022 Apr 04, 17:37:24",2021-10-07T13:57:00+0000,51.05128,3.68637,Schaap (nieuwe tracker),gps,ON_THE_MOVE,"Jenny Montignypad, 9000, Ghent, Belgium"
"2022 Apr 04, 17:42:39",2021-10-07T13:57:00+0000,51.05128,3.68637,Schaap (nieuwe tracker),gps,ON_THE_MOVE,"Jenny Montignypad, 9000, Ghent, Belgium"
"2022 Apr 04, 17:57:16",2021-10-07T13:57:00+0000,51.05128,3.68637,Schaap (nieuwe tracker),gps,ON_THE_MOVE,"Jenny Montignypad, 9000, Ghent, Belgium"
"2022 Apr 04, 18:52:28",2021-10-07T13:57:00+0000,51.05128,3.68637,Schaap (nieuwe tracker),gps,ON_THE_MOVE,"Jenny Montignypad, 9000, Ghent, Belgium"
"2022 Apr 04, 19:06:16",2021-10-07T13:57:00+0000,51.05128,3.68637,Schaap (nieuwe tracker),gps,ON_THE_MOVE,"Jenny Montignypad, 9000, Ghent, Belgium"
"2022 Apr 04, 20:37:20",2021-10-07T13:57:00+0000,51.05128,3.68637,Schaap (nieuwe tracker),gps,ON_THE_MOVE,"Jenny Montignypad, 9000, Ghent, Belgium"
"2022 Apr 04, 20:42:35",2021-10-07T13:57:00+0000,51.05128,3.68637,Schaap (nieuwe tracker),gps,ON_THE_MOVE,"Jenny Montignypad, 9000, Ghent, Belgium"
"2022 Apr 04, 20:57:16",2021-10-07T13:57:00+0000,51.05128,3.68637,Schaap (nieuwe tracker),gps,ON_THE_MOVE,"Jenny Montignypad, 9000, Ghent, Belgium"
"2022 Apr 04, 21:52:27",2021-10-07T13:57:00+0000,51.05128,3.68637,Schaap (nieuwe tracker),gps,ON_THE_MOVE,"Jenny Montignypad, 9000, Ghent, Belgium"
"2022 Apr 04, 22:06:13",2021-10-07T13:57:00+0000,51.05128,3.68637,Schaap (nieuwe tracker),gps,ON_THE_MOVE,"Jenny Montignypad, 9000, Ghent, Belgium"
"2022 Apr 04, 23:37:20",2021-10-07T13:57:00+0000,51.05128,3.68637,Schaap (nieuwe tracker),gps,ON_THE_MOVE,"Jenny Montignypad, 9000, Ghent, Belgium"
"2022 Apr 04, 23:57:17",2021-10-07T13:57:00+0000,51.05128,3.68637,Schaap (nieuwe tracker),gps,ON_THE_MOVE,"Jenny Montignypad, 9000, Ghent, Belgium"
"2022 Apr 05, 01:06:21",2021-10-07T13:57:00+0000,51.05128,3.68637,Schaap (nieuwe tracker),gps,ON_THE_MOVE,"Jenny Montignypad, 9000, Ghent, Belgium"
"2022 Apr 05, 22:40:02",2021-10-07T13:57:00+0000,51.05128,3.68637,Schaap (nieuwe tracker),gps,ON_THE_MOVE,"Jenny Montignypad, 9000, Ghent, Belgium"
"2022 Apr 05, 22:42:50",2021-10-07T13:57:00+0000,51.05128,3.68637,Schaap (nieuwe tracker),gps,ON_THE_MOVE,"Jenny Montignypad, 9000, Ghent, Belgium"
"2022 Apr 05, 23:37:21",2021-10-07T13:57:00+0000,51.05128,3.68637,Schaap (nieuwe tracker),gps,ON_THE_MOVE,"Jenny Montignypad, 9000, Ghent, Belgium"
"2022 Apr 06, 18:00:46",2021-10-07T13:57:00+0000,51.05128,3.68637,Schaap (nieuwe tracker),gps,ON_THE_MOVE,"Jenny Montignypad, 9000, Ghent, Belgium"
"2022 Apr 06, 18:03:38",2021-10-07T13:57:00+0000,51.05128,3.68637,Schaap (nieuwe tracker),gps,ON_THE_MOVE,"Jenny Montignypad, 9000, Ghent, Belgium"
"2022 Apr 06, 19:06:13",2021-10-07T13:57:00+0000,51.05128,3.68637,Schaap (nieuwe tracker),gps,ON_THE_MOVE,"Jenny Montignypad, 9000, Ghent, Belgium"
"2022 Apr 06, 19:42:52",2021-10-07T13:57:00+0000,51.05128,3.68637,Schaap (nieuwe tracker),gps,ON_THE_MOVE,"Jenny Montignypad, 9000, Ghent, Belgium"
"2022 Apr 06, 20:37:22",2021-10-07T13:57:00+0000,51.05128,3.68637,Schaap (nieuwe tracker),gps,ON_THE_MOVE,"Jenny Montignypad, 9000, Ghent, Belgium"
"2022 Apr 06, 21:03:38",2021-10-07T13:57:00+0000,51.05128,3.68637,Schaap (nieuwe tracker),gps,ON_THE_MOVE,"Jenny Montignypad, 9000, Ghent, Belgium"
"2022 Apr 06, 22:42:51",2021-10-07T13:57:00+0000,51.05128,3.68637,Schaap (nieuwe tracker),gps,ON_THE_MOVE,"Jenny Montignypad, 9000, Ghent, Belgium"
"2022 Apr 07, 07:38:53",2021-10-07T13:57:00+0000,51.05128,3.68637,Schaap (nieuwe tracker),gps,ON_THE_MOVE,"Jenny Montignypad, 9000, Ghent, Belgium"
"2022 Apr 07, 07:42:52",2021-10-07T13:57:00+0000,51.05128,3.68637,Schaap (nieuwe tracker),gps,ON_THE_MOVE,"Jenny Montignypad, 9000, Ghent, Belgium"
"2022 Apr 07, 08:50:24",2021-10-07T13:57:00+0000,51.05128,3.68637,Schaap (nieuwe tracker),gps,ON_THE_MOVE,"Jenny Montignypad, 9000, Ghent, Belgium"
"2022 Apr 07, 11:38:20",2021-10-07T13:57:00+0000,51.05128,3.68637,Schaap (nieuwe tracker),gps,ON_THE_MOVE,"Jenny Montignypad, 9000, Ghent, Belgium"
"2022 Apr 07, 17:33:48",2021-10-07T13:57:00+0000,51.05128,3.68637,Schaap (nieuwe tracker),gps,ON_THE_MOVE,"Jenny Montignypad, 9000, Ghent, Belgium"
"2022 Apr 07, 17:50:25",2021-10-07T13:57:00+0000,51.05128,3.68637,Schaap (nieuwe tracker),gps,ON_THE_MOVE,"Jenny Montignypad, 9000, Ghent, Belgium"
"2022 Apr 07, 18:03:42",2021-10-07T13:57:00+0000,51.05128,3.68637,Schaap (nieuwe tracker),gps,ON_THE_MOVE,"Jenny Montignypad, 9000, Ghent, Belgium"
"2022 Apr 07, 19:42:55",2021-10-07T13:57:00+0000,51.05128,3.68637,Schaap (nieuwe tracker),gps,ON_THE_MOVE,"Jenny Montignypad, 9000, Ghent, Belgium"
"2022 Apr 07, 20:50:32",2021-10-07T13:57:00+0000,51.05128,3.68637,Schaap (nieuwe tracker),gps,ON_THE_MOVE,"Jenny Montignypad, 9000, Ghent, Belgium"
"2022 Apr 07, 21:03:49",2021-10-07T13:57:00+0000,51.05128,3.68637,Schaap (nieuwe tracker),gps,ON_THE_MOVE,"Jenny Montignypad, 9000, Ghent, Belgium"
"2022 Apr 07, 23:50:24",2021-10-07T13:57:00+0000,51.05128,3.68637,Schaap (nieuwe tracker),gps,ON_THE_MOVE,"Jenny Montignypad, 9000, Ghent, Belgium"
"2022 Apr 08, 23:50:25",2021-10-07T13:57:00+0000,51.05128,3.68637,Schaap (nieuwe tracker),gps,ON_THE_MOVE,"Jenny Montignypad, 9000, Ghent, Belgium"
"2022 Apr 09, 00:57:46",2021-10-07T13:57:00+0000,51.05128,3.68637,Schaap (nieuwe tracker),gps,ON_THE_MOVE,"Jenny Montignypad, 9000, Ghent, Belgium"
"2022 Apr 09, 23:19:38",2021-10-07T13:57:00+0000,51.05128,3.68637,Schaap (nieuwe tracker),gps,ON_THE_MOVE,"Jenny Montignypad, 9000, Ghent, Belgium"
"2022 Apr 09, 23:22:33",2021-10-07T13:57:00+0000,51.05128,3.68637,Schaap (nieuwe tracker),gps,ON_THE_MOVE,"Jenny Montignypad, 9000, Ghent, Belgium"
"2022 Apr 10, 09:01:13",2021-10-07T13:57:00+0000,51.05128,3.68637,Schaap (nieuwe tracker),gps,ON_THE_MOVE,"Jenny Montignypad, 9000, Ghent, Belgium"
"2022 Apr 10, 09:57:53",2021-10-07T13:57:00+0000,51.05128,3.68637,Schaap (nieuwe tracker),gps,ON_THE_MOVE,"Jenny Montignypad, 9000, Ghent, Belgium"
"2022 Apr 10, 11:22:32",2021-10-07T13:57:00+0000,51.05128,3.68637,Schaap (nieuwe tracker),gps,ON_THE_MOVE,"Jenny Montignypad, 9000, Ghent, Belgium"
"2022 Apr 10, 12:01:10",2021-10-07T13:57:00+0000,51.05128,3.68637,Schaap (nieuwe tracker),gps,ON_THE_MOVE,"Jenny Montignypad, 9000, Ghent, Belgium"
"2022 Apr 10, 12:57:45",2021-10-07T13:57:00+0000,51.05128,3.68637,Schaap (nieuwe tracker),gps,ON_THE_MOVE,"Jenny Montignypad, 9000, Ghent, Belgium"
"2022 Apr 10, 14:22:30",2021-10-07T13:57:00+0000,51.05128,3.68637,Schaap (nieuwe tracker),gps,ON_THE_MOVE,"Jenny Montignypad, 9000, Ghent, Belgium"
"2022 Apr 10, 15:01:11",2021-10-07T13:57:00+0000,51.05128,3.68637,Schaap (nieuwe tracker),gps,ON_THE_MOVE,"Jenny Montignypad, 9000, Ghent, Belgium"
"2022 Apr 10, 21:01:33",2021-10-07T13:57:00+0000,51.05128,3.68637,Schaap (nieuwe tracker),gps,ON_THE_MOVE,"Jenny Montignypad, 9000, Ghent, Belgium"
"2022 Apr 10, 21:57:50",2021-10-07T13:57:00+0000,51.05128,3.68637,Schaap (nieuwe tracker),gps,ON_THE_MOVE,"Jenny Montignypad, 9000, Ghent, Belgium"
"2022 Apr 10, 23:50:29",2021-10-07T13:57:00+0000,51.05128,3.68637,Schaap (nieuwe tracker),gps,ON_THE_MOVE,"Jenny Montignypad, 9000, Ghent, Belgium"
"2022 Apr 11, 18:32:08",2021-10-07T13:57:00+0000,51.05128,3.68637,Schaap (nieuwe tracker),gps,ON_THE_MOVE,"Jenny Montignypad, 9000, Ghent, Belgium"
"2022 Apr 11, 20:50:33",2021-10-07T13:57:00+0000,51.05128,3.68637,Schaap (nieuwe tracker),gps,ON_THE_MOVE,"Jenny Montignypad, 9000, Ghent, Belgium"
"2022 Apr 11, 21:32:07",2021-10-07T13:57:00+0000,51.05128,3.68637,Schaap (nieuwe tracker),gps,ON_THE_MOVE,"Jenny Montignypad, 9000, Ghent, Belgium"
"2022 Apr 11, 23:50:28",2021-10-07T13:57:00+0000,51.05128,3.68637,Schaap (nieuwe tracker),gps,ON_THE_MOVE,"Jenny Montignypad, 9000, Ghent, Belgium"
"2022 Apr 12, 00:32:04",2021-10-07T13:57:00+0000,51.05128,3.68637,Schaap (nieuwe tracker),gps,ON_THE_MOVE,"Jenny Montignypad, 9000, Ghent, Belgium"
"2022 Apr 12, 08:56:50",2021-10-07T13:57:00+0000,51.05128,3.68637,Schaap (nieuwe tracker),gps,ON_THE_MOVE,"Jenny Montignypad, 9000, Ghent, Belgium"
"2022 Apr 12, 08:59:20",2021-10-07T13:57:00+0000,51.05128,3.68637,Schaap (nieuwe tracker),gps,ON_THE_MOVE,"Jenny Montignypad, 9000, Ghent, Belgium"
"2022 Apr 12, 09:32:09",2021-10-07T13:57:00+0000,51.05128,3.68637,Schaap (nieuwe tracker),gps,ON_THE_MOVE,"Jenny Montignypad, 9000, Ghent, Belgium"
"2022 Apr 12, 11:59:21",2021-10-07T13:57:00+0000,51.05128,3.68637,Schaap (nieuwe tracker),gps,ON_THE_MOVE,"Jenny Montignypad, 9000, Ghent, Belgium"
"2022 Apr 12, 12:32:06",2021-10-07T13:57:00+0000,51.05128,3.68637,Schaap (nieuwe tracker),gps,ON_THE_MOVE,"Jenny Montignypad, 9000, Ghent, Belgium"
"2022 Apr 12, 14:59:23",2021-10-07T13:57:00+0000,51.05128,3.68637,Schaap (nieuwe tracker),gps,ON_THE_MOVE,"Jenny Montignypad, 9000, Ghent, Belgium"
"2022 Apr 12, 17:59:21",2021-10-07T13:57:00+0000,51.05128,3.68637,Schaap (nieuwe tracker),gps,ON_THE_MOVE,"Jenny Montignypad, 9000, Ghent, Belgium"
"2022 Apr 12, 18:32:10",2021-10-07T13:57:00+0000,51.05128,3.68637,Schaap (nieuwe tracker),gps,ON_THE_MOVE,"Jenny Montignypad, 9000, Ghent, Belgium"
"2022 Apr 12, 20:59:24",2021-10-07T13:57:00+0000,51.05128,3.68637,Schaap (nieuwe tracker),gps,ON_THE_MOVE,"Jenny Montignypad, 9000, Ghent, Belgium"
"2022 Apr 12, 21:32:09",2021-10-07T13:57:00+0000,51.05128,3.68637,Schaap (nieuwe tracker),gps,ON_THE_MOVE,"Jenny Montignypad, 9000, Ghent, Belgium"
"2022 Apr 12, 23:59:22",2021-10-07T13:57:00+0000,51.05128,3.68637,Schaap (nieuwe tracker),gps,ON_THE_MOVE,"Jenny Montignypad, 9000, Ghent, Belgium"
"2022 Apr 13, 02:59:24",2021-10-07T13:57:00+0000,51.05128,3.68637,Schaap (nieuwe tracker),gps,ON_THE_MOVE,"Jenny Montignypad, 9000, Ghent, Belgium"
"2022 Apr 13, 05:59:23",2021-10-07T13:57:00+0000,51.05128,3.68637,Schaap (nieuwe tracker),gps,ON_THE_MOVE,"Jenny Montignypad, 9000, Ghent, Belgium"
"2022 Apr 13, 19:00:18",2021-10-07T13:57:00+0000,51.05128,3.68637,Schaap (nieuwe tracker),gps,ON_THE_MOVE,"Jenny Montignypad, 9000, Ghent, Belgium"
"2022 Apr 13, 19:03:17",2021-10-07T13:57:00+0000,51.05128,3.68637,Schaap (nieuwe tracker),gps,ON_THE_MOVE,"Jenny Montignypad, 9000, Ghent, Belgium"
"2022 Apr 15, 22:30:15",2021-10-07T13:57:00+0000,51.05128,3.68637,Schaap (nieuwe tracker),gps,ON_THE_MOVE,"Jenny Montignypad, 9000, Ghent, Belgium"
"2022 Apr 15, 22:32:55",2021-10-07T13:57:00+0000,51.05128,3.68637,Schaap (nieuwe tracker),gps,ON_THE_MOVE,"Jenny Montignypad, 9000, Ghent, Belgium"
"2022 Apr 16, 22:10:12",2021-10-07T13:57:00+0000,51.05128,3.68637,Schaap (nieuwe tracker),gps,ON_THE_MOVE,"Jenny Montignypad, 9000, Ghent, Belgium"
"2022 Apr 16, 22:13:04",2021-10-07T13:57:00+0000,51.05128,3.68637,Schaap (nieuwe tracker),gps,ON_THE_MOVE,"Jenny Montignypad, 9000, Ghent, Belgium"
"2022 Apr 16, 22:32:50",2021-10-07T13:57:00+0000,51.05128,3.68637,Schaap (nieuwe tracker),gps,ON_THE_MOVE,"Jenny Montignypad, 9000, Ghent, Belgium"
"2022 Apr 17, 21:43:11",2021-10-07T13:57:00+0000,51.05128,3.68637,Schaap (nieuwe tracker),gps,ON_THE_MOVE,"Jenny Montignypad, 9000, Ghent, Belgium"
"2022 Apr 17, 23:50:26",2021-10-07T13:57:00+0000,51.05128,3.68637,Schaap (nieuwe tracker),gps,ON_THE_MOVE,"Jenny Montignypad, 9000, Ghent, Belgium"
"2022 Apr 18, 21:32:54",2021-10-07T13:57:00+0000,51.05128,3.68637,Schaap (nieuwe tracker),gps,ON_THE_MOVE,"Jenny Montignypad, 9000, Ghent, Belgium"
"2022 Apr 18, 21:35:49",2021-10-07T13:57:00+0000,51.05128,3.68637,Schaap (nieuwe tracker),gps,ON_THE_MOVE,"Jenny Montignypad, 9000, Ghent, Belgium"
"2022 Apr 18, 21:43:09",2021-10-07T13:57:00+0000,51.05128,3.68637,Schaap (nieuwe tracker),gps,ON_THE_MOVE,"Jenny Montignypad, 9000, Ghent, Belgium"
"2022 Apr 18, 23:50:25",2021-10-07T13:57:00+0000,51.05128,3.68637,Schaap (nieuwe tracker),gps,ON_THE_MOVE,"Jenny Montignypad, 9000, Ghent, Belgium"
"2022 Apr 19, 20:41:14",2021-10-07T13:57:00+0000,51.05128,3.68637,Schaap (nieuwe tracker),gps,ON_THE_MOVE,"Jenny Montignypad, 9000, Ghent, Belgium"
"2022 Apr 19, 21:35:48",2021-10-07T13:57:00+0000,51.05128,3.68637,Schaap (nieuwe tracker),gps,ON_THE_MOVE,"Jenny Montignypad, 9000, Ghent, Belgium"
"2022 Apr 19, 21:43:08",2021-10-07T13:57:00+0000,51.05128,3.68637,Schaap (nieuwe tracker),gps,ON_THE_MOVE,"Jenny Montignypad, 9000, Ghent, Belgium"
"2022 Apr 19, 23:41:16",2021-10-07T13:57:00+0000,51.05128,3.68637,Schaap (nieuwe tracker),gps,ON_THE_MOVE,"Jenny Montignypad, 9000, Ghent, Belgium"
"2022 Apr 20, 22:05:42",2021-10-07T13:57:00+0000,51.05128,3.68637,Schaap (nieuwe tracker),gps,ON_THE_MOVE,"Jenny Montignypad, 9000, Ghent, Belgium"
"2022 Apr 20, 22:08:36",2021-10-07T13:57:00+0000,51.05128,3.68637,Schaap (nieuwe tracker),gps,ON_THE_MOVE,"Jenny Montignypad, 9000, Ghent, Belgium"
"2022 Apr 20, 23:41:17",2021-10-07T13:57:00+0000,51.05128,3.68637,Schaap (nieuwe tracker),gps,ON_THE_MOVE,"Jenny Montignypad, 9000, Ghent, Belgium"
"2022 Apr 21, 21:04:48",2021-10-07T13:57:00+0000,51.05128,3.68637,Schaap (nieuwe tracker),gps,ON_THE_MOVE,"Jenny Montignypad, 9000, Ghent, Belgium"
"2022 Apr 21, 21:07:45",2021-10-07T13:57:00+0000,51.05128,3.68637,Schaap (nieuwe tracker),gps,ON_THE_MOVE,"Jenny Montignypad, 9000, Ghent, Belgium"
"2022 Apr 21, 21:35:47",2021-10-07T13:57:00+0000,51.05128,3.68637,Schaap (nieuwe tracker),gps,ON_THE_MOVE,"Jenny Montignypad, 9000, Ghent, Belgium"
"2022 Apr 21, 21:43:07",2021-10-07T13:57:00+0000,51.05128,3.68637,Schaap (nieuwe tracker),gps,ON_THE_MOVE,"Jenny Montignypad, 9000, Ghent, Belgium"
"2022 Apr 21, 22:08:38",2021-10-07T13:57:00+0000,51.05128,3.68637,Schaap (nieuwe tracker),gps,ON_THE_MOVE,"Jenny Montignypad, 9000, Ghent, Belgium"
"2022 Apr 22, 19:56:26",2021-10-07T13:57:00+0000,51.05128,3.68637,Schaap (nieuwe tracker),gps,ON_THE_MOVE,"Jenny Montignypad, 9000, Ghent, Belgium"
"2022 Apr 22, 19:59:24",2021-10-07T13:57:00+0000,51.05128,3.68637,Schaap (nieuwe tracker),gps,ON_THE_MOVE,"Jenny Montignypad, 9000, Ghent, Belgium"
"2022 Apr 22, 20:41:15",2021-10-07T13:57:00+0000,51.05128,3.68637,Schaap (nieuwe tracker),gps,ON_THE_MOVE,"Jenny Montignypad, 9000, Ghent, Belgium"
"2022 Apr 22, 21:07:46",2021-10-07T13:57:00+0000,51.05128,3.68637,Schaap (nieuwe tracker),gps,ON_THE_MOVE,"Jenny Montignypad, 9000, Ghent, Belgium"
"2022 Apr 24, 22:33:52",2021-10-07T13:57:00+0000,51.05128,3.68637,Schaap (nieuwe tracker),gps,ON_THE_MOVE,"Jenny Montignypad, 9000, Ghent, Belgium"
"2022 Apr 24, 22:37:31",2021-10-07T13:57:00+0000,51.05128,3.68637,Schaap (nieuwe tracker),gps,ON_THE_MOVE,"Jenny Montignypad, 9000, Ghent, Belgium"
"2022 Apr 24, 22:59:39",2021-10-07T13:57:00+0000,51.05128,3.68637,Schaap (nieuwe tracker),gps,ON_THE_MOVE,"Jenny Montignypad, 9000, Ghent, Belgium"
"2022 Apr 25, 00:07:45",2021-10-07T13:57:00+0000,51.05128,3.68637,Schaap (nieuwe tracker),gps,ON_THE_MOVE,"Jenny Montignypad, 9000, Ghent, Belgium"
"2022 Apr 25, 22:50:44",2021-10-07T13:57:00+0000,51.05128,3.68637,Schaap (nieuwe tracker),gps,ON_THE_MOVE,"Jenny Montignypad, 9000, Ghent, Belgium"
"2022 Apr 25, 22:53:41",2021-10-07T13:57:00+0000,51.05128,3.68637,Schaap (nieuwe tracker),gps,ON_THE_MOVE,"Jenny Montignypad, 9000, Ghent, Belgium"
"2022 Apr 25, 22:59:39",2021-10-07T13:57:00+0000,51.05128,3.68637,Schaap (nieuwe tracker),gps,ON_THE_MOVE,"Jenny Montignypad, 9000, Ghent, Belgium"
"2022 Apr 26, 00:07:46",2021-10-07T13:57:00+0000,51.05128,3.68637,Schaap (nieuwe tracker),gps,ON_THE_MOVE,"Jenny Montignypad, 9000, Ghent, Belgium"
"2022 Apr 26, 20:30:51",2021-10-07T13:57:00+0000,51.05128,3.68637,Schaap (nieuwe tracker),gps,ON_THE_MOVE,"Jenny Montignypad, 9000, Ghent, Belgium"
"2022 Apr 26, 20:33:48",2021-10-07T13:57:00+0000,51.05128,3.68637,Schaap (nieuwe tracker),gps,ON_THE_MOVE,"Jenny Montignypad, 9000, Ghent, Belgium"
"2022 Apr 26, 21:07:50",2021-10-07T13:57:00+0000,51.05128,3.68637,Schaap (nieuwe tracker),gps,ON_THE_MOVE,"Jenny Montignypad, 9000, Ghent, Belgium"
"2022 Apr 26, 22:08:40",2021-10-07T13:57:00+0000,51.05128,3.68637,Schaap (nieuwe tracker),gps,ON_THE_MOVE,"Jenny Montignypad, 9000, Ghent, Belgium"
"2022 Apr 26, 22:36:46",2021-10-07T13:57:00+0000,51.05128,3.68637,Schaap (nieuwe tracker),gps,ON_THE_MOVE,"Jenny Montignypad, 9000, Ghent, Belgium"
"2022 Apr 26, 22:53:51",2021-10-07T13:57:00+0000,51.05128,3.68637,Schaap (nieuwe tracker),gps,ON_THE_MOVE,"Jenny Montignypad, 9000, Ghent, Belgium"
"2022 Apr 26, 22:59:23",2021-10-07T13:57:00+0000,51.05128,3.68637,Schaap (nieuwe tracker),gps,ON_THE_MOVE,"Jenny Montignypad, 9000, Ghent, Belgium"
"2022 Apr 27, 20:53:33",2021-10-07T13:57:00+0000,51.05128,3.68637,Schaap (nieuwe tracker),gps,ON_THE_MOVE,"Jenny Montignypad, 9000, Ghent, Belgium"
"2022 Apr 27, 20:56:28",2021-10-07T13:57:00+0000,51.05128,3.68637,Schaap (nieuwe tracker),gps,ON_THE_MOVE,"Jenny Montignypad, 9000, Ghent, Belgium"
"2022 Apr 27, 22:36:46",2021-10-07T13:57:00+0000,51.05128,3.68637,Schaap (nieuwe tracker),gps,ON_THE_MOVE,"Jenny Montignypad, 9000, Ghent, Belgium"
"2022 Apr 27, 22:53:41",2021-10-07T13:57:00+0000,51.05128,3.68637,Schaap (nieuwe tracker),gps,ON_THE_MOVE,"Jenny Montignypad, 9000, Ghent, Belgium"
"2022 Apr 27, 22:59:24",2021-10-07T13:57:00+0000,51.05128,3.68637,Schaap (nieuwe tracker),gps,ON_THE_MOVE,"Jenny Montignypad, 9000, Ghent, Belgium"
"2022 Apr 27, 23:33:47",2021-10-07T13:57:00+0000,51.05128,3.68637,Schaap (nieuwe tracker),gps,ON_THE_MOVE,"Jenny Montignypad, 9000, Ghent, Belgium"
"2022 Apr 27, 23:56:28",2021-10-07T13:57:00+0000,51.05128,3.68637,Schaap (nieuwe tracker),gps,ON_THE_MOVE,"Jenny Montignypad, 9000, Ghent, Belgium"
"2022 Apr 28, 22:34:48",2021-10-07T13:57:00+0000,51.05128,3.68637,Schaap (nieuwe tracker),gps,ON_THE_MOVE,"Jenny Montignypad, 9000, Ghent, Belgium"
"2022 Apr 28, 22:36:45",2021-10-07T13:57:00+0000,51.05128,3.68637,Schaap (nieuwe tracker),gps,ON_THE_MOVE,"Jenny Montignypad, 9000, Ghent, Belgium"
"2022 Apr 28, 22:53:43",2021-10-07T13:57:00+0000,51.05128,3.68637,Schaap (nieuwe tracker),gps,ON_THE_MOVE,"Jenny Montignypad, 9000, Ghent, Belgium"
"2022 May 01, 16:06:59",2021-10-07T13:57:00+0000,51.05128,3.68637,Schaap (nieuwe tracker),gps,ON_THE_MOVE,"Jenny Montignypad, 9000, Ghent, Belgium"
"2022 May 01, 16:34:54",2021-10-07T13:57:00+0000,51.05128,3.68637,Schaap (nieuwe tracker),gps,ON_THE_MOVE,"Jenny Montignypad, 9000, Ghent, Belgium"
"2022 May 01, 21:37:06",2021-10-07T13:57:00+0000,51.05128,3.68637,Schaap (nieuwe tracker),gps,ON_THE_MOVE,"Jenny Montignypad, 9000, Ghent, Belgium"
"2022 May 01, 22:06:54",2021-10-07T13:57:00+0000,51.05128,3.68637,Schaap (nieuwe tracker),gps,ON_THE_MOVE,"Jenny Montignypad, 9000, Ghent, Belgium"
"2022 May 01, 22:34:50",2021-10-07T13:57:00+0000,51.05128,3.68637,Schaap (nieuwe tracker),gps,ON_THE_MOVE,"Jenny Montignypad, 9000, Ghent, Belgium"
"2022 May 01, 23:33:50",2021-10-07T13:57:00+0000,51.05128,3.68637,Schaap (nieuwe tracker),gps,ON_THE_MOVE,"Jenny Montignypad, 9000, Ghent, Belgium"
"2022 May 02, 22:33:52",2021-10-07T13:57:00+0000,51.05128,3.68637,Schaap (nieuwe tracker),gps,ON_THE_MOVE,"Jenny Montignypad, 9000, Ghent, Belgium"
"2022 May 02, 22:34:48",2021-10-07T13:57:00+0000,51.05128,3.68637,Schaap (nieuwe tracker),gps,ON_THE_MOVE,"Jenny Montignypad, 9000, Ghent, Belgium"
"2022 May 02, 23:33:52",2021-10-07T13:57:00+0000,51.05128,3.68637,Schaap (nieuwe tracker),gps,ON_THE_MOVE,"Jenny Montignypad, 9000, Ghent, Belgium"
"2022 May 02, 23:56:32",2021-10-07T13:57:00+0000,51.05128,3.68637,Schaap (nieuwe tracker),gps,ON_THE_MOVE,"Jenny Montignypad, 9000, Ghent, Belgium"
"2022 May 03, 20:13:29",2021-10-07T13:57:00+0000,51.05128,3.68637,Schaap (nieuwe tracker),gps,ON_THE_MOVE,"Jenny Montignypad, 9000, Ghent, Belgium"
"2022 May 03, 20:56:33",2021-10-07T13:57:00+0000,51.05128,3.68637,Schaap (nieuwe tracker),gps,ON_THE_MOVE,"Jenny Montignypad, 9000, Ghent, Belgium"
"2022 May 05, 01:18:36",2021-10-07T13:57:00+0000,51.05128,3.68637,Schaap (nieuwe tracker),gps,ON_THE_MOVE,"Jenny Montignypad, 9000, Ghent, Belgium"
"2022 May 05, 01:33:54",2021-10-07T13:57:00+0000,51.05128,3.68637,Schaap (nieuwe tracker),gps,ON_THE_MOVE,"Jenny Montignypad, 9000, Ghent, Belgium"
"2022 May 05, 02:13:31",2021-10-07T13:57:00+0000,51.05128,3.68637,Schaap (nieuwe tracker),gps,ON_THE_MOVE,"Jenny Montignypad, 9000, Ghent, Belgium"
"2022 May 05, 20:52:03",2021-10-07T13:57:00+0000,51.05128,3.68637,Schaap (nieuwe tracker),gps,ON_THE_MOVE,"Jenny Montignypad, 9000, Ghent, Belgium"
"2022 May 05, 20:54:47",2021-10-07T13:57:00+0000,51.05128,3.68637,Schaap (nieuwe tracker),gps,ON_THE_MOVE,"Jenny Montignypad, 9000, Ghent, Belgium"
"2022 May 05, 22:06:59",2021-10-07T13:57:00+0000,51.05128,3.68637,Schaap (nieuwe tracker),gps,ON_THE_MOVE,"Jenny Montignypad, 9000, Ghent, Belgium"
"2022 May 05, 22:18:37",2021-10-07T13:57:00+0000,51.05128,3.68637,Schaap (nieuwe tracker),gps,ON_THE_MOVE,"Jenny Montignypad, 9000, Ghent, Belgium"
"2022 May 05, 22:33:54",2021-10-07T13:57:00+0000,51.05128,3.68637,Schaap (nieuwe tracker),gps,ON_THE_MOVE,"Jenny Montignypad, 9000, Ghent, Belgium"
"2022 May 05, 23:13:30",2021-10-07T13:57:00+0000,51.05128,3.68637,Schaap (nieuwe tracker),gps,ON_THE_MOVE,"Jenny Montignypad, 9000, Ghent, Belgium"
"2022 May 05, 23:54:46",2021-10-07T13:57:00+0000,51.05128,3.68637,Schaap (nieuwe tracker),gps,ON_THE_MOVE,"Jenny Montignypad, 9000, Ghent, Belgium"
"2022 May 06, 01:18:36",2021-10-07T13:57:00+0000,51.05128,3.68637,Schaap (nieuwe tracker),gps,ON_THE_MOVE,"Jenny Montignypad, 9000, Ghent, Belgium"
"2022 May 06, 01:33:57",2021-10-07T13:57:00+0000,51.05128,3.68637,Schaap (nieuwe tracker),gps,ON_THE_MOVE,"Jenny Montignypad, 9000, Ghent, Belgium"
"2022 May 07, 12:41:56",2021-10-07T13:57:00+0000,51.05128,3.68637,Schaap (nieuwe tracker),gps,ON_THE_MOVE,"Jenny Montignypad, 9000, Ghent, Belgium"
"2022 May 07, 12:44:49",2021-10-07T13:57:00+0000,51.05128,3.68637,Schaap (nieuwe tracker),gps,ON_THE_MOVE,"Jenny Montignypad, 9000, Ghent, Belgium"
"2022 May 30, 22:23:59",2022-05-30T20:15:00+0000,51.04355,3.69587,Schaap (nieuwe tracker),gps,ON_THE_MOVE,"Griendijk, 9000, Ghent, Belgium"
"2022 May 30, 22:25:35",2022-05-30T20:15:00+0000,51.04355,3.69587,Schaap (nieuwe tracker),gps,ON_THE_MOVE,"Griendijk, 9000, Ghent, Belgium"
"2022 May 30, 22:53:26",2022-05-30T20:35:00+0000,51.04355,3.69588,Schaap (nieuwe tracker),gps,STOP,"Griendijk, 9000, Ghent, Belgium"
"2022 May 30, 22:54:31",2022-05-30T20:35:00+0000,51.04355,3.69588,Schaap (nieuwe tracker),gps,STOP,"Griendijk, 9000, Ghent, Belgium"
"2022 May 30, 22:57:04",2022-05-30T20:35:00+0000,51.04355,3.69588,Schaap (nieuwe tracker),gps,STOP,"Griendijk, 9000, Ghent, Belgium"
"2022 May 31, 21:13:10",2022-05-31T07:30:00+0000,51.04896,3.69076,Schaap (nieuwe tracker),gps,ON_THE_MOVE,"Zuiderlaan, 9000, Ghent, Belgium"
"2022 May 31, 21:16:05",2022-05-31T07:30:00+0000,51.04896,3.69076,Schaap (nieuwe tracker),gps,ON_THE_MOVE,"Zuiderlaan, 9000, Ghent, Belgium"
"2022 May 31, 22:53:26",2022-05-31T07:30:00+0000,51.04896,3.69076,Schaap (nieuwe tracker),gps,ON_THE_MOVE,"Zuiderlaan, 9000, Ghent, Belgium"
"2022 May 31, 22:54:30",2022-05-31T07:30:00+0000,51.04896,3.69076,Schaap (nieuwe tracker),gps,ON_THE_MOVE,"Zuiderlaan, 9000, Ghent, Belgium"
"2022 May 31, 22:57:10",2022-05-31T07:30:00+0000,51.04896,3.69076,Schaap (nieuwe tracker),gps,ON_THE_MOVE,"Zuiderlaan, 9000, Ghent, Belgium"
"2022 Jun 01, 17:42:02",2022-06-01T15:33:00+0000,51.04351,3.69573,Schaap (nieuwe tracker),gps,STOP,"Griendijk, 9000, Ghent, Belgium"
"2022 Jun 01, 17:44:58",2022-06-01T15:33:00+0000,51.04351,3.69573,Schaap (nieuwe tracker),gps,STOP,"Griendijk, 9000, Ghent, Belgium"
"2022 Jun 01, 18:16:06",2022-06-01T15:33:00+0000,51.04351,3.69573,Schaap (nieuwe tracker),gps,STOP,"Griendijk, 9000, Ghent, Belgium"
"2022 Jun 01, 22:06:26",2022-06-01T19:36:00+0000,51.04365,3.69574,Schaap (nieuwe tracker),gps,STOP,"Griendijk, 9000, Ghent, Belgium"
"2022 Jun 01, 22:57:05",2022-06-01T20:34:00+0000,51.04343,3.69587,Schaap (nieuwe tracker),gps,ON_THE_MOVE,"Griendijk, 9000, Ghent, Belgium"
"2022 Jun 01, 23:44:57",2022-06-01T21:17:00+0000,51.04349,3.69574,Schaap (nieuwe tracker),gps,STOP,"Griendijk, 9000, Ghent, Belgium"
"2022 Jun 02, 00:16:05",2022-06-01T21:53:00+0000,51.04361,3.69579,Schaap (nieuwe tracker),gps,STOP,"Griendijk, 9000, Ghent, Belgium"
"2022 Jun 03, 00:38:42",2022-06-02T22:25:00+0000,51.04362,3.6958,Schaap (nieuwe tracker),gps,ON_THE_MOVE,"Griendijk, 9000, Ghent, Belgium"
"2022 Jun 03, 20:54:30",2022-06-03T18:34:00+0000,51.04449,3.71569,Schaap (nieuwe tracker),gps,ON_THE_MOVE,"9000, Ghent, Belgium"
"2022 Jun 03, 20:57:30",2022-06-03T18:34:00+0000,51.04449,3.71569,Schaap (nieuwe tracker),gps,ON_THE_MOVE,"9000, Ghent, Belgium"
"2022 Jun 08, 21:16:49",2022-06-08T18:16:00+0000,51.04431,3.71587,Schaap (nieuwe tracker),gps,STOP,"Godshuizenlaan, 9000, Ghent, Belgium"
"2022 Jun 08, 21:19:23",2022-06-08T18:16:00+0000,51.04431,3.71587,Schaap (nieuwe tracker),gps,STOP,"Godshuizenlaan, 9000, Ghent, Belgium"
"2022 Jun 08, 21:43:50",2022-06-08T18:16:00+0000,51.04431,3.71587,Schaap (nieuwe tracker),gps,STOP,"Godshuizenlaan, 9000, Ghent, Belgium"
"2022 Jun 08, 23:44:57",2022-06-08T20:58:00+0000,51.04429,3.7158,Schaap (nieuwe tracker),gps,STOP,"Godshuizenlaan, 9000, Ghent, Belgium"
"2022 Jun 08, 23:57:29",2022-06-08T21:39:00+0000,51.04429,3.7158,Schaap (nieuwe tracker),gps,START,"Godshuizenlaan, 9000, Ghent, Belgium"
"2022 Jun 09, 18:54:34",2022-06-09T15:43:00+0000,51.04416,3.71585,Schaap (nieuwe tracker),gps,ON_THE_MOVE,"Godshuizenlaan, 9000, Ghent, Belgium"
"2022 Jun 09, 18:57:34",2022-06-09T15:43:00+0000,51.04416,3.71585,Schaap (nieuwe tracker),gps,ON_THE_MOVE,"Godshuizenlaan, 9000, Ghent, Belgium"
"2022 Jun 09, 20:45:03",2022-06-09T15:43:00+0000,51.04416,3.71585,Schaap (nieuwe tracker),gps,ON_THE_MOVE,"Godshuizenlaan, 9000, Ghent, Belgium"
"2022 Jun 09, 20:57:28",2022-06-09T15:43:00+0000,51.04416,3.71585,Schaap (nieuwe tracker),gps,ON_THE_MOVE,"Godshuizenlaan, 9000, Ghent, Belgium"
"2022 Jun 09, 21:19:18",2022-06-09T15:43:00+0000,51.04416,3.71585,Schaap (nieuwe tracker),gps,ON_THE_MOVE,"Godshuizenlaan, 9000, Ghent, Belgium"
"2022 Jun 09, 21:38:42",2022-06-09T15:43:00+0000,51.04416,3.71585,Schaap (nieuwe tracker),gps,ON_THE_MOVE,"Godshuizenlaan, 9000, Ghent, Belgium"
"2022 Jun 11, 16:40:30",2022-06-11T14:16:00+0000,51.04607,3.71674,Schaap (nieuwe tracker),gps,START,"Jozef Kluyskensstraat, 1-3, 9000, Ghent, Belgium"
"2022 Jun 11, 17:57:29",2022-06-11T14:31:00+0000,51.04584,3.7169,Schaap (nieuwe tracker),gps,ON_THE_MOVE,"Jozef Kluyskensstraat, 1A-3, 9000, Ghent, Belgium"
"2022 Jun 11, 18:03:56",2022-06-11T14:31:00+0000,51.04584,3.7169,Schaap (nieuwe tracker),gps,ON_THE_MOVE,"Jozef Kluyskensstraat, 1A-3, 9000, Ghent, Belgium"
"2022 Jun 11, 18:19:57",2022-06-11T14:31:00+0000,51.04584,3.7169,Schaap (nieuwe tracker),gps,ON_THE_MOVE,"Jozef Kluyskensstraat, 1A-3, 9000, Ghent, Belgium"
"2022 Jun 11, 18:38:50",2022-06-11T16:17:00+0000,51.04591,3.71714,Schaap (nieuwe tracker),gps,ON_THE_MOVE,"Jozef Kluyskensstraat, 5, 9000, Ghent, Belgium"
"2022 Jun 11, 19:17:26",2022-06-11T15:32:00+0000,51.04571,3.71721,Schaap (nieuwe tracker),gps,ON_THE_MOVE,"Jozef Kluyskensstraat, 7-13, 9000, Ghent, Belgium"
"2022 Jun 11, 19:40:27",2022-06-11T15:02:00+0000,51.04573,3.71721,Schaap (nieuwe tracker),gps,ON_THE_MOVE,"Jozef Kluyskensstraat, 7-13, 9000, Ghent, Belgium"
"2022 Jun 11, 21:19:16",2022-06-11T19:12:00+0000,51.04588,3.71724,Schaap (nieuwe tracker),gps,ON_THE_MOVE,"Jozef Kluyskensstraat, 7-13, 9000, Ghent, Belgium"
"2022 Jun 11, 21:38:39",2022-06-11T19:14:00+0000,51.0459,3.71717,Schaap (nieuwe tracker),gps,STOP,"Jozef Kluyskensstraat, 5, 9000, Ghent, Belgium"
"2022 Jun 11, 21:57:27",2022-06-11T19:14:00+0000,51.0459,3.71717,Schaap (nieuwe tracker),gps,STOP,"Jozef Kluyskensstraat, 5, 9000, Ghent, Belgium"
"2022 Jun 11, 22:40:24",2022-06-11T20:38:00+0000,51.04568,3.71717,Schaap (nieuwe tracker),gps,START,"Jozef Kluyskensstraat, 7-13, 9000, Ghent, Belgium"
"2022 Jun 11, 23:57:27",2022-06-11T21:35:00+0000,51.0461,3.71711,Schaap (nieuwe tracker),gps,STOP,"Jozef Kluyskensstraat, 1A-3, 9000, Ghent, Belgium"
"2022 Jun 12, 00:19:17",2022-06-11T21:35:00+0000,51.0461,3.71711,Schaap (nieuwe tracker),gps,STOP,"Jozef Kluyskensstraat, 1A-3, 9000, Ghent, Belgium"
"2022 Jun 12, 09:47:49",2022-06-12T07:10:00+0000,51.04846,3.71329,Schaap (nieuwe tracker),gps,ON_THE_MOVE,"Coupure Rechts, 170, 9000, Ghent, Belgium"
"2022 Jun 12, 09:50:44",2022-06-12T07:10:00+0000,51.04846,3.71329,Schaap (nieuwe tracker),gps,ON_THE_MOVE,"Coupure Rechts, 170, 9000, Ghent, Belgium"
"2022 Jun 12, 09:57:29",2022-06-12T07:10:00+0000,51.04846,3.71329,Schaap (nieuwe tracker),gps,ON_THE_MOVE,"Coupure Rechts, 170, 9000, Ghent, Belgium"
"2022 Jun 12, 10:40:24",2022-06-12T07:40:00+0000,51.04909,3.7121,Schaap (nieuwe tracker),gps,ON_THE_MOVE,"Coupure Links, 297, 9000, Ghent, Belgium"
"2022 Jun 12, 12:50:46",2022-06-12T10:19:00+0000,51.04566,3.71674,Schaap (nieuwe tracker),gps,START,"Jozef Kluyskensstraat, 1A-3, 9000, Ghent, Belgium"
"2022 Jun 12, 12:57:29",2022-06-12T10:19:00+0000,51.04566,3.71674,Schaap (nieuwe tracker),gps,START,"Jozef Kluyskensstraat, 1A-3, 9000, Ghent, Belgium"
"2022 Jun 12, 13:40:25",2022-06-12T11:05:00+0000,51.04581,3.71675,Schaap (nieuwe tracker),gps,STOP,"Jozef Kluyskensstraat, 1A-3, 9000, Ghent, Belgium"
"2022 Jun 12, 20:37:04",2022-06-12T16:01:00+0000,51.04599,3.71729,Schaap (nieuwe tracker),gps,ON_THE_MOVE,"Jozef Kluyskensstraat, 7-13, 9000, Ghent, Belgium"
"2022 Jun 12, 21:07:14",2022-06-12T18:53:00+0000,51.04599,3.71728,Schaap (nieuwe tracker),gps,STOP,"Jozef Kluyskensstraat, 7-13, 9000, Ghent, Belgium"
"2022 Jun 13, 00:32:29",2022-06-12T22:10:00+0000,51.04571,3.71738,Schaap (nieuwe tracker),gps,STOP,"Jozef Kluyskensstraat, 21, 9000, Ghent, Belgium"
"2022 Jun 13, 20:36:18",2022-06-13T16:30:00+0000,51.04589,3.7168,Schaap (nieuwe tracker),gps,ON_THE_MOVE,"Jozef Kluyskensstraat, 1A-3, 9000, Ghent, Belgium"
"2022 Jun 13, 23:44:05",2022-06-13T20:57:00+0000,51.04573,3.71691,Schaap (nieuwe tracker),gps,STOP,"Jozef Kluyskensstraat, 1A-3, 9000, Ghent, Belgium"
"2022 Jun 14, 21:43:40",2022-06-14T19:32:00+0000,51.04583,3.71698,Schaap (nieuwe tracker),gps,START,"Jozef Kluyskensstraat, 1A-3, 9000, Ghent, Belgium"
"2022 Jun 14, 21:50:48",2022-06-14T19:43:00+0000,51.04576,3.71724,Schaap (nieuwe tracker),gps,STOP,"Jozef Kluyskensstraat, 7-13, 9000, Ghent, Belgium"
"2022 Jun 15, 08:50:58",2022-06-15T06:12:00+0000,51.04566,3.71721,Schaap (nieuwe tracker),gps,STOP,"Jozef Kluyskensstraat, 15, 9000, Ghent, Belgium"
"2022 Jun 15, 09:43:24",2022-06-15T07:04:00+0000,51.04566,3.71721,Schaap (nieuwe tracker),gps,START,"Jozef Kluyskensstraat, 15, 9000, Ghent, Belgium"
"2022 Jun 15, 11:36:18",2022-06-15T07:04:00+0000,51.04566,3.71721,Schaap (nieuwe tracker),gps,START,"Jozef Kluyskensstraat, 15, 9000, Ghent, Belgium"
"2022 Jun 15, 11:50:54",2022-06-15T07:04:00+0000,51.04566,3.71721,Schaap (nieuwe tracker),gps,START,"Jozef Kluyskensstraat, 15, 9000, Ghent, Belgium"
"2022 Jun 17, 08:57:41",2022-06-17T06:07:00+0000,51.04861,3.71319,Schaap (nieuwe tracker),gps,ON_THE_MOVE,"Coupure Rechts, 170, 9000, Ghent, Belgium"
"2022 Jun 17, 09:00:34",2022-06-17T06:07:00+0000,51.04861,3.71319,Schaap (nieuwe tracker),gps,ON_THE_MOVE,"Coupure Rechts, 170, 9000, Ghent, Belgium"
"2022 Jun 17, 09:43:35",2022-06-17T06:07:00+0000,51.04861,3.71319,Schaap (nieuwe tracker),gps,ON_THE_MOVE,"Coupure Rechts, 170, 9000, Ghent, Belgium"
"2022 Jun 17, 11:36:22",2022-06-17T08:22:00+0000,51.05158,3.71042,Schaap (nieuwe tracker),gps,ON_THE_MOVE,"Coupure Rechts, 308, 9000, Ghent, Belgium"
"2022 Jun 17, 11:50:55",2022-06-17T09:22:00+0000,51.05373,3.70974,Schaap (nieuwe tracker),gps,ON_THE_MOVE,"Coupure Rechts, 316-442, 9000, Ghent, Belgium"
"2022 Jun 17, 12:00:10",2022-06-17T09:07:00+0000,51.05322,3.70976,Schaap (nieuwe tracker),gps,ON_THE_MOVE,"Theresianenbrug, 9000, Ghent, Belgium"
"2022 Jun 17, 15:00:08",2022-06-17T11:36:00+0000,51.04584,3.7174,Schaap (nieuwe tracker),gps,STOP,"Jozef Kluyskensstraat, 21, 9000, Ghent, Belgium"
"2022 Jun 17, 20:15:50",2022-06-17T18:03:00+0000,51.04597,3.71716,Schaap (nieuwe tracker),gps,STOP,"Jozef Kluyskensstraat, 5, 9000, Ghent, Belgium"
"2022 Jun 17, 21:38:18",2022-06-17T19:36:00+0000,51.04575,3.71723,Schaap (nieuwe tracker),gps,ON_THE_MOVE,"Jozef Kluyskensstraat, 7-13, 9000, Ghent, Belgium"
"2022 Jun 17, 23:50:24",2022-06-17T21:40:00+0000,51.04576,3.71713,Schaap (nieuwe tracker),gps,STOP,"Jozef Kluyskensstraat, 5, 9000, Ghent, Belgium"
"2022 Jun 18, 02:50:24",2022-06-17T21:40:00+0000,51.04576,3.71713,Schaap (nieuwe tracker),gps,STOP,"Jozef Kluyskensstraat, 5, 9000, Ghent, Belgium"
"2022 Jun 18, 10:33:11",2022-06-18T08:02:00+0000,51.04581,3.71675,Schaap (nieuwe tracker),gps,ON_THE_MOVE,"Jozef Kluyskensstraat, 1A-3, 9000, Ghent, Belgium"
"2022 Jun 18, 10:36:07",2022-06-18T08:02:00+0000,51.04581,3.71675,Schaap (nieuwe tracker),gps,ON_THE_MOVE,"Jozef Kluyskensstraat, 1A-3, 9000, Ghent, Belgium"
"2022 Jun 18, 17:50:28",2022-06-18T09:02:00+0000,51.05378,3.70972,Schaap (nieuwe tracker),gps,ON_THE_MOVE,"Coupure Rechts, 316-442, 9000, Ghent, Belgium"
"2022 Jun 18, 22:16:39",2022-06-18T19:51:00+0000,51.05514,3.70452,Schaap (nieuwe tracker),gps,STOP,"Pieter Colpaertsteeg, 9000, Ghent, Belgium"
"2022 Jun 19, 11:16:32",2022-06-19T08:39:00+0000,51.05517,3.70475,Schaap (nieuwe tracker),gps,ON_THE_MOVE,"Pieter Colpaertsteeg, 9000, Ghent, Belgium"
"2022 Jun 19, 11:19:29",2022-06-19T09:06:00+0000,51.05523,3.70459,Schaap (nieuwe tracker),gps,STOP,"Pieter Colpaertsteeg, 9000, Ghent, Belgium"
"2022 Jun 19, 11:50:22",2022-06-19T09:06:00+0000,51.05523,3.70459,Schaap (nieuwe tracker),gps,STOP,"Pieter Colpaertsteeg, 9000, Ghent, Belgium"
"2022 Jun 19, 14:19:27",2022-06-19T11:47:00+0000,51.05507,3.70435,Schaap (nieuwe tracker),gps,STOP,"Pieter Colpaertsteeg, 9000, Ghent, Belgium"
"2022 Jun 19, 14:19:25",2022-06-19T11:47:00+0000,51.05507,3.70435,Schaap (nieuwe tracker),gps,STOP,"Pieter Colpaertsteeg, 9000, Ghent, Belgium"
"2022 Jun 19, 14:57:35",2022-06-19T12:29:00+0000,51.055,3.70477,Schaap (nieuwe tracker),gps,ON_THE_MOVE,"Pieter Colpaertsteeg, 9000, Ghent, Belgium"
"2022 Jun 19, 17:19:29",2022-06-19T13:49:00+0000,51.05498,3.7044,Schaap (nieuwe tracker),gps,ON_THE_MOVE,"Pieter Colpaertsteeg, 9000, Ghent, Belgium"
"2022 Jun 19, 17:50:23",2022-06-19T14:49:00+0000,51.05513,3.70455,Schaap (nieuwe tracker),gps,ON_THE_MOVE,"Pieter Colpaertsteeg, 9000, Ghent, Belgium"
"2022 Jun 19, 20:19:30",2022-06-19T17:16:00+0000,51.05499,3.70445,Schaap (nieuwe tracker),gps,START,"Pieter Colpaertsteeg, 9000, Ghent, Belgium"
"2022 Jun 19, 23:19:30",2022-06-19T21:10:00+0000,51.05508,3.70443,Schaap (nieuwe tracker),gps,START,"Pieter Colpaertsteeg, 9000, Ghent, Belgium"
"2022 Jun 20, 07:41:39",2022-06-20T03:52:00+0000,51.05513,3.70457,Schaap (nieuwe tracker),gps,STOP,"Pieter Colpaertsteeg, 9000, Ghent, Belgium"
"2022 Jun 20, 08:19:28",2022-06-20T03:52:00+0000,51.05513,3.70457,Schaap (nieuwe tracker),gps,STOP,"Pieter Colpaertsteeg, 9000, Ghent, Belgium"
"2022 Jun 20, 08:50:24",2022-06-20T06:38:00+0000,51.05496,3.70446,Schaap (nieuwe tracker),gps,STOP,"Pieter Colpaertsteeg, 9000, Ghent, Belgium"
"2022 Jun 20, 11:19:29",2022-06-20T07:08:00+0000,51.05496,3.70446,Schaap (nieuwe tracker),gps,START,"Pieter Colpaertsteeg, 9000, Ghent, Belgium"
"2022 Jun 20, 11:50:23",2022-06-20T07:08:00+0000,51.05496,3.70446,Schaap (nieuwe tracker),gps,START,"Pieter Colpaertsteeg, 9000, Ghent, Belgium"
"2022 Jun 20, 20:50:21",2022-06-20T18:28:00+0000,51.055,3.70456,Schaap (nieuwe tracker),gps,STOP,"Pieter Colpaertsteeg, 9000, Ghent, Belgium"
"2022 Jun 20, 23:50:23",2022-06-20T21:46:00+0000,51.05513,3.7045,Schaap (nieuwe tracker),gps,START,"Pieter Colpaertsteeg, 9000, Ghent, Belgium"
"2022 Jun 21, 18:13:32",2022-06-21T16:00:00+0000,51.05507,3.70447,Schaap (nieuwe tracker),gps,ON_THE_MOVE,"Pieter Colpaertsteeg, 9000, Ghent, Belgium"
"2022 Jun 21, 18:16:25",2022-06-21T16:00:00+0000,51.05507,3.70447,Schaap (nieuwe tracker),gps,ON_THE_MOVE,"Pieter Colpaertsteeg, 9000, Ghent, Belgium"
"2022 Jun 21, 21:13:27",2022-06-21T18:54:00+0000,51.05522,3.70469,Schaap (nieuwe tracker),gps,ON_THE_MOVE,"Pieter Colpaertsteeg, 9000, Ghent, Belgium"
"2022 Jun 21, 21:16:24",2022-06-21T18:54:00+0000,51.05522,3.70469,Schaap (nieuwe tracker),gps,ON_THE_MOVE,"Pieter Colpaertsteeg, 9000, Ghent, Belgium"
"2022 Jun 21, 23:50:23",2022-06-21T21:46:00+0000,51.05519,3.70452,Schaap (nieuwe tracker),gps,ON_THE_MOVE,"Pieter Colpaertsteeg, 9000, Ghent, Belgium"
"2022 Jun 24, 17:49:01",2022-06-24T15:34:00+0000,51.0552,3.70466,Schaap (nieuwe tracker),gps,STOP,"Pieter Colpaertsteeg, 9000, Ghent, Belgium"
"2022 Jun 24, 18:16:30",2022-06-24T15:53:00+0000,51.0551,3.70516,Schaap (nieuwe tracker),gps,STOP,"Pieter Colpaertsteeg, 9000, Ghent, Belgium"
"2022 Jun 24, 21:16:29",2022-06-24T18:29:00+0000,51.05496,3.70462,Schaap (nieuwe tracker),gps,STOP,"Pieter Colpaertsteeg, 9000, Ghent, Belgium"
"2022 Jun 24, 23:48:59",2022-06-24T21:47:00+0000,51.05519,3.70444,Schaap (nieuwe tracker),gps,ON_THE_MOVE,"Pieter Colpaertsteeg, 9000, Ghent, Belgium"
"2022 Jun 25, 08:03:20",2022-06-25T04:06:00+0000,51.05516,3.7044,Schaap (nieuwe tracker),gps,STOP,"Pieter Colpaertsteeg, 9000, Ghent, Belgium"
"2022 Jun 25, 08:48:59",2022-06-25T04:06:00+0000,51.05516,3.7044,Schaap (nieuwe tracker),gps,STOP,"Pieter Colpaertsteeg, 9000, Ghent, Belgium"
"2022 Jun 25, 08:50:21",2022-06-25T04:06:00+0000,51.05516,3.7044,Schaap (nieuwe tracker),gps,STOP,"Pieter Colpaertsteeg, 9000, Ghent, Belgium"
"2022 Jun 25, 09:16:25",2022-06-25T04:06:00+0000,51.05516,3.7044,Schaap (nieuwe tracker),gps,STOP,"Pieter Colpaertsteeg, 9000, Ghent, Belgium"
"2022 Jun 25, 14:49:00",2022-06-25T12:28:00+0000,51.05525,3.70497,Schaap (nieuwe tracker),gps,ON_THE_MOVE,"Pieter Colpaertsteeg, 9000, Ghent, Belgium"
"2022 Jun 25, 14:50:24",2022-06-25T12:28:00+0000,51.05525,3.70497,Schaap (nieuwe tracker),gps,ON_THE_MOVE,"Pieter Colpaertsteeg, 9000, Ghent, Belgium"
"2022 Jun 25, 15:16:29",2022-06-25T12:43:00+0000,51.05521,3.70413,Schaap (nieuwe tracker),gps,ON_THE_MOVE,"Pieter Colpaertsteeg, 9000, Ghent, Belgium"
"2022 Jun 26, 10:26:43",2022-06-26T07:32:00+0000,51.05506,3.70449,Schaap (nieuwe tracker),gps,STOP,"Pieter Colpaertsteeg, 9000, Ghent, Belgium"
"2022 Jun 26, 13:04:18",2022-06-26T10:27:00+0000,51.05525,3.70488,Schaap (nieuwe tracker),gps,STOP,"Pieter Colpaertsteeg, 9000, Ghent, Belgium"
"2022 Jun 26, 13:05:17",2022-06-26T10:27:00+0000,51.05525,3.70488,Schaap (nieuwe tracker),gps,STOP,"Pieter Colpaertsteeg, 9000, Ghent, Belgium"
"2022 Jun 26, 14:50:30",2022-06-26T12:36:00+0000,51.05524,3.705,Schaap (nieuwe tracker),gps,ON_THE_MOVE,"Pieter Colpaertsteeg, 9000, Ghent, Belgium"
"2022 Jun 26, 16:05:26",2022-06-26T13:01:00+0000,51.05524,3.70481,Schaap (nieuwe tracker),gps,STOP,"Pieter Colpaertsteeg, 9000, Ghent, Belgium"
"2022 Jun 26, 19:24:53",2022-06-26T15:27:00+0000,51.05495,3.70455,Schaap (nieuwe tracker),gps,STOP,"Pieter Colpaertsteeg, 9000, Ghent, Belgium"
"2022 Jun 26, 20:50:28",2022-06-26T17:53:00+0000,51.05514,3.70454,Schaap (nieuwe tracker),gps,ON_THE_MOVE,"Pieter Colpaertsteeg, 9000, Ghent, Belgium"
"2022 Jun 26, 22:05:17",2022-06-26T19:11:00+0000,51.05497,3.70472,Schaap (nieuwe tracker),gps,STOP,"Pieter Colpaertsteeg, 9000, Ghent, Belgium"
"2022 Jun 27, 17:35:04",2022-06-27T15:20:00+0000,51.05506,3.70475,Schaap (nieuwe tracker),gps,START,"Pieter Colpaertsteeg, 9000, Ghent, Belgium"
"2022 Jun 27, 17:37:59",2022-06-27T15:35:00+0000,51.05519,3.70444,Schaap (nieuwe tracker),gps,ON_THE_MOVE,"Pieter Colpaertsteeg, 9000, Ghent, Belgium"
"2022 Jun 27, 19:05:20",2022-06-27T16:20:00+0000,51.05491,3.70437,Schaap (nieuwe tracker),gps,STOP,"Pieter Colpaertsteeg, 9000, Ghent, Belgium"
"2022 Jun 27, 20:38:00",2022-06-27T18:26:00+0000,51.05507,3.70456,Schaap (nieuwe tracker),gps,STOP,"Pieter Colpaertsteeg, 9000, Ghent, Belgium"
"2022 Jun 27, 22:05:16",2022-06-27T19:45:00+0000,51.05502,3.70466,Schaap (nieuwe tracker),gps,STOP,"Pieter Colpaertsteeg, 9000, Ghent, Belgium"
"2022 Jun 27, 23:37:58",2022-06-27T21:12:00+0000,51.05509,3.70447,Schaap (nieuwe tracker),gps,STOP,"Pieter Colpaertsteeg, 9000, Ghent, Belgium"
"2022 Jun 28, 10:03:25",2022-06-28T05:58:00+0000,51.05524,3.70452,Schaap (nieuwe tracker),gps,STOP,"Pieter Colpaertsteeg, 9000, Ghent, Belgium"
"2022 Jun 28, 10:05:15",2022-06-28T05:58:00+0000,51.05524,3.70452,Schaap (nieuwe tracker),gps,STOP,"Pieter Colpaertsteeg, 9000, Ghent, Belgium"
"2022 Jun 28, 10:06:16",2022-06-28T05:58:00+0000,51.05524,3.70452,Schaap (nieuwe tracker),gps,STOP,"Pieter Colpaertsteeg, 9000, Ghent, Belgium"
"2022 Jun 28, 11:37:59",2022-06-28T07:20:00+0000,51.06289,3.70303,Schaap (nieuwe tracker),gps,ON_THE_MOVE,"Elyzeese Velden, 9000, Ghent, Belgium"
"2022 Jun 28, 13:06:15",2022-06-28T08:50:00+0000,51.06084,3.70501,Schaap (nieuwe tracker),gps,ON_THE_MOVE,"Elyzeese Velden, 9000, Ghent, Belgium"
"2022 Jun 28, 14:37:59",2022-06-28T06:20:00+0000,51.06011,3.70569,Schaap (nieuwe tracker),gps,ON_THE_MOVE,"Bargiekaai, 27, 9000, Ghent, Belgium"
"2022 Jun 28, 18:54:12",2022-06-28T16:30:00+0000,51.04353,3.6958,Schaap (nieuwe tracker),gps,STOP,"Griendijk, 9000, Ghent, Belgium"
"2022 Jun 28, 19:06:30",2022-06-28T16:50:00+0000,51.04353,3.6958,Schaap (nieuwe tracker),gps,START,"Griendijk, 9000, Ghent, Belgium"
"2022 Jun 28, 20:38:11",2022-06-28T18:29:00+0000,51.04354,3.69589,Schaap (nieuwe tracker),gps,START,"Griendijk, 9000, Ghent, Belgium"
"2022 Jun 28, 22:06:14",2022-06-28T19:59:00+0000,51.04351,3.69565,Schaap (nieuwe tracker),gps,ON_THE_MOVE,"Griendijk, 9000, Ghent, Belgium"
"2022 Jun 29, 17:36:39",2022-06-29T15:18:00+0000,51.04348,3.6957,Schaap (nieuwe tracker),gps,STOP,"Griendijk, 9000, Ghent, Belgium"
"2022 Jul 02, 16:31:21",2022-07-02T11:30:00+0000,51.04051,3.69194,Schaap (nieuwe tracker),gps,ON_THE_MOVE,"Snepkaai, 6, 9000, Ghent, Belgium"
"2022 Jul 03, 15:32:48",2022-07-03T07:50:00+0000,51.04044,3.6911,Schaap (nieuwe tracker),gps,ON_THE_MOVE,"Griendijk, 9000, Ghent, Belgium"
"2022 Jul 03, 15:35:44",2022-07-03T07:50:00+0000,51.04044,3.6911,Schaap (nieuwe tracker),gps,ON_THE_MOVE,"Griendijk, 9000, Ghent, Belgium"
"2022 Jul 03, 16:26:48",2022-07-03T14:02:00+0000,51.04379,3.69369,Schaap (nieuwe tracker),gps,START,"9000, Ghent, Belgium"
"2022 Jul 03, 23:12:08",2022-07-03T18:28:00+0000,51.04371,3.69393,Schaap (nieuwe tracker),gps,STOP,"9000, Ghent, Belgium"
"2022 Jul 04, 18:18:40",2022-07-04T16:00:00+0000,51.04374,3.69396,Schaap (nieuwe tracker),gps,STOP,"Griendijk, 9000, Ghent, Belgium"
"2022 Jul 04, 18:21:34",2022-07-04T16:00:00+0000,51.04374,3.69396,Schaap (nieuwe tracker),gps,STOP,"Griendijk, 9000, Ghent, Belgium"
"2022 Jul 04, 18:35:44",2022-07-04T16:00:00+0000,51.04374,3.69396,Schaap (nieuwe tracker),gps,STOP,"Griendijk, 9000, Ghent, Belgium"
"2022 Jul 04, 19:26:46",2022-07-04T16:40:00+0000,51.04375,3.69399,Schaap (nieuwe tracker),gps,ON_THE_MOVE,"Griendijk, 9000, Ghent, Belgium"
"2022 Jul 04, 21:30:55",2022-07-04T19:25:00+0000,51.04365,3.69399,Schaap (nieuwe tracker),gps,ON_THE_MOVE,"9000, Ghent, Belgium"
"2022 Jul 04, 21:35:43",2022-07-04T19:25:00+0000,51.04365,3.69399,Schaap (nieuwe tracker),gps,ON_THE_MOVE,"9000, Ghent, Belgium"
"2022 Jul 04, 22:26:46",2022-07-04T19:28:00+0000,51.04376,3.69406,Schaap (nieuwe tracker),gps,STOP,"Aan de Bocht, 16, 9000, Ghent, Belgium"
"2022 Jul 05, 17:55:20",2022-07-05T15:26:00+0000,51.03453,3.69774,Schaap (nieuwe tracker),gps,ON_THE_MOVE,"Mierhulpad, 9000, Ghent, Belgium"
"2022 Jul 05, 17:58:14",2022-07-05T15:41:00+0000,51.0345,3.69784,Schaap (nieuwe tracker),gps,ON_THE_MOVE,"Mierhulpad, 9000, Ghent, Belgium"
"2022 Jul 05, 18:21:37",2022-07-05T15:56:00+0000,51.03458,3.69788,Schaap (nieuwe tracker),gps,ON_THE_MOVE,"Mierhulpad, 9000, Ghent, Belgium"
"2022 Jul 05, 18:35:44",2022-07-05T16:10:00+0000,51.03453,3.69795,Schaap (nieuwe tracker),gps,ON_THE_MOVE,"Mierhulpad, 9000, Ghent, Belgium"
"2022 Jul 05, 19:26:51",2022-07-05T17:10:00+0000,51.03465,3.6981,Schaap (nieuwe tracker),gps,STOP,"Mierhulpad, 9000, Ghent, Belgium"
"2022 Jul 05, 21:26:11",2022-07-05T18:32:00+0000,51.03492,3.69793,Schaap (nieuwe tracker),gps,ON_THE_MOVE,"Mierhulpad, 9000, Ghent, Belgium"
"2022 Jul 05, 21:35:44",2022-07-05T18:47:00+0000,51.03509,3.69815,Schaap (nieuwe tracker),gps,ON_THE_MOVE,"Mierhulpad, 9000, Ghent, Belgium"
"2022 Jul 05, 23:58:16",2022-07-05T21:18:00+0000,51.03468,3.69751,Schaap (nieuwe tracker),gps,START,"Mierhulpad, 9000, Ghent, Belgium"
"2022 Jul 06, 08:14:28",2022-07-06T06:02:00+0000,51.03448,3.69799,Schaap (nieuwe tracker),gps,ON_THE_MOVE,"Mierhulpad, 9000, Ghent, Belgium"
"2022 Jul 06, 17:51:57",2022-07-06T15:29:00+0000,51.03487,3.69778,Schaap (nieuwe tracker),gps,START,"Mierhulpad, 9000, Ghent, Belgium"
"2022 Jul 06, 17:54:53",2022-07-06T15:29:00+0000,51.03487,3.69778,Schaap (nieuwe tracker),gps,START,"Mierhulpad, 9000, Ghent, Belgium"
"2022 Jul 06, 17:58:16",2022-07-06T15:29:00+0000,51.03487,3.69778,Schaap (nieuwe tracker),gps,START,"Mierhulpad, 9000, Ghent, Belgium"
"2022 Jul 06, 18:12:53",2022-07-06T15:59:00+0000,51.03481,3.6967,Schaap (nieuwe tracker),gps,ON_THE_MOVE,"Mierhulpad, 9000, Ghent, Belgium"
"2022 Jul 06, 18:13:54",2022-07-06T15:59:00+0000,51.03481,3.6967,Schaap (nieuwe tracker),gps,ON_THE_MOVE,"Mierhulpad, 9000, Ghent, Belgium"
"2022 Jul 06, 18:14:28",2022-07-06T15:59:00+0000,51.03481,3.6967,Schaap (nieuwe tracker),gps,ON_THE_MOVE,"Mierhulpad, 9000, Ghent, Belgium"
"2022 Jul 06, 18:17:05",2022-07-06T15:59:00+0000,51.03481,3.6967,Schaap (nieuwe tracker),gps,ON_THE_MOVE,"Mierhulpad, 9000, Ghent, Belgium"
"2022 Jul 06, 18:21:35",2022-07-06T15:59:00+0000,51.03481,3.6967,Schaap (nieuwe tracker),gps,ON_THE_MOVE,"Mierhulpad, 9000, Ghent, Belgium"
"2022 Jul 06, 18:32:55",2022-07-06T16:14:00+0000,51.03491,3.69697,Schaap (nieuwe tracker),gps,ON_THE_MOVE,"Mierhulpad, 9000, Ghent, Belgium"
"2022 Jul 06, 20:24:18",2022-07-06T18:11:00+0000,51.03485,3.69724,Schaap (nieuwe tracker),gps,STOP,"Mierhulpad, 9000, Ghent, Belgium"
"2022 Jul 07, 20:09:31",2022-07-07T16:54:00+0000,51.03483,3.69787,Schaap (nieuwe tracker),gps,STOP,"Mierhulpad, 9000, Ghent, Belgium"
"2022 Jul 07, 20:12:26",2022-07-07T16:54:00+0000,51.03483,3.69787,Schaap (nieuwe tracker),gps,STOP,"Mierhulpad, 9000, Ghent, Belgium"
